Kevin|Nguefack||Kevinng|muster%40gmail.cmr|aaaaaa
Kevin|Nguefack|2000-12-02|Kevinng|musater%40gmaiopol.cmr|aloalo
Kevin|Nguefack||Kevinng|muster%40gmail.cm%40r|aaaaaa
Kevin|Nguefack||Kevinng|mukoster%40gmail.cm%40r|aaaaaa
Kevin|Nguefack||Kevinng|muster%40gmail.de|aaaaaa
Kevin|Nguefack||Kevinng|muster%40gmail.com|aaaaaa
Kevin|Nguefack||utilisateur|mustermail%40gmail.com|abcdef
Kevin|Nguefack||Kevinng|muster%40gmail.fr|abcde
Kevin|Nguefack||Kevinng|mu%40ster%40gmail.cmr|aaaaaa
Kevin|Nguefack||Kevinng|muhuster%40gmail.cmr|aaaaaa
Emeric|Tcholagheu|2003-09-15|Romuald|emerictcholagheu%40gmail.com|Afroshop%402003
Greta|Tunberg|2000-08-01|greta|greta%40gmx.net|123
